[{"uri":"file:/home/christina/bin/krebsTagging/./desc/JCoRe%20Entity%20Evaluator%20and%20TSV%20Consumer.xml","location":"de.julielab.jcore.consumer.entityevaluator.desc.jcore-julielab-entity-evaluator-consumer","category":"consumer","uimaDescPath":"JCoRe Entity Evaluator and TSV Consumer.xml","metaDescription":{"description":"This component allows the output of entity mention data in documents in the format required by the JULIE Lab Entity Evaluator. This way, CAS annotations can be exported for evaluation purposes. The output format is a single tab-separated text file. For the exact format refer to the documentation of the julielab-entity-evaluator in the jcore-dependencies repository on https://github.com/JULIELab/.","group":"general","module":{"type":"GitHubRepository","name":"jcore-base","version":"v2.5","updateable":true,"type":"GitHubRepository","gitHubName":"JULIELab"},"base":null,"exposable":true,"categories":["consumer"],"name":"JCoRe JULIE Lab Entity Evaluator Converter","pear":false,"base-project":null,"maven-artifact":{"groupId":"de.julielab","artifactId":"jcore-julielab-entity-evaluator-consumer","version":"2.5.0-SNAPSHOT","classifier":null,"file":"/home/christina/.m2/repository/de/julielab/jcore-julielab-entity-evaluator-consumer/2.5.0-SNAPSHOT/jcore-julielab-entity-evaluator-consumer-2.5.0-20191211.084550-111.jar","packaging":"jar"}},"name":"JCoRe Entity Evaluator and TSV Consumer","active":true},{"uri":"file:/home/christina/bin/krebsTagging/./desc/XMIWriter.xml","location":"de.julielab.jcore.consumer.xmi.desc.jcore-xmi-writer","category":"consumer","uimaDescPath":"XMIWriter.xml","metaDescription":{"description":"JCoRe XMI Writer. A CAS consumer that writes/converts CAS objects to XMI files.","group":"general","module":{"type":"GitHubRepository","name":"jcore-base","version":"v2.5","updateable":true,"type":"GitHubRepository","gitHubName":"JULIELab"},"base":null,"exposable":true,"categories":["consumer"],"name":"JCoRe XMI Writer","pear":false,"base-project":null,"maven-artifact":{"groupId":"de.julielab","artifactId":"jcore-xmi-writer","version":"2.5.0-SNAPSHOT","classifier":null,"file":"/home/christina/.m2/repository/de/julielab/jcore-xmi-writer/2.5.0-SNAPSHOT/jcore-xmi-writer-2.5.0-20191211.084642-109.jar","packaging":"jar"}},"name":"XMIWriter","active":true}]