<?xml version="1.0" encoding="UTF-8"?>
<analysisEngineDescription xmlns="http://uima.apache.org/resourceSpecifier">
        
    <frameworkImplementation>org.apache.uima.java</frameworkImplementation>
        
    <primitive>true</primitive>
        
    <annotatorImplementationName>de.julielab.jcore.consumer.xmi.CasToXmiConsumer</annotatorImplementationName>
        
    <analysisEngineMetaData>
                
        <name>XMIWriter</name>
                
        <description/>
                
        <version>2.5.0-SNAPSHOT</version>
                
        <vendor/>
                
        <configurationParameters>
                        
            <configurationParameter>
                                
                <name>OutputDirectory</name>
                                
                <description>Consumer writes the XMI to this directory</description>
                                
                <type>String</type>
                                
                <multiValued>false</multiValued>
                                
                <mandatory>true</mandatory>
                            
            </configurationParameter>
                        
            <configurationParameter>
                                
                <name>Compress</name>
                                
                <description>If true, XMIs files are compressed with gzip. Default is false.</description>
                                
                <type>Boolean</type>
                                
                <multiValued>false</multiValued>
                                
                <mandatory>false</mandatory>
                            
            </configurationParameter>
                        
            <configurationParameter>
                                
                <name>FileNameType</name>
                                
                <description>Fully specified name of type from which feature / of which xmi file name is taken. Default is 'de.julielab.jules.types.Header'.</description>
                                
                <type>String</type>
                                
                <multiValued>false</multiValued>
                                
                <mandatory>false</mandatory>
                            
            </configurationParameter>
                        
            <configurationParameter>
                                
                <name>FileNameFeature</name>
                                
                <description>Short name of feature of type specified in parameter FileNameType from which xmi file name is taken. Default is 'source'.</description>
                                
                <type>String</type>
                                
                <multiValued>false</multiValued>
                                
                <mandatory>false</mandatory>
                            
            </configurationParameter>
                        
            <configurationParameter>
                                
                <name>CompressSingle</name>
                                
                <description>If true, all XMIs are written in one large zip file (all XMIs in one batch, respectively, if the parameter CreateBatchSubDirs is true). The parameter Compress is not considered if CompressSingle is true. Default is false.</description>
                                
                <type>Boolean</type>
                                
                <multiValued>false</multiValued>
                                
                <mandatory>false</mandatory>
                            
            </configurationParameter>
                        
            <configurationParameter>
                                
                <name>CreateBatchSubDirs</name>
                                
                <description>If true, subdirectories are created within the given output directory for all XMIs within one batch.
Default is false.</description>
                                
                <type>Boolean</type>
                                
                <multiValued>false</multiValued>
                                
                <mandatory>false</mandatory>
                            
            </configurationParameter>
                    
        </configurationParameters>
                
        <configurationParameterSettings>
                        
            <nameValuePair>
                                
                <name>OutputDirectory</name>
                                
                <value>
                                        
                    <string>data/output-xmi</string>
                                    
                </value>
                            
            </nameValuePair>
                    
        </configurationParameterSettings>
                
        <typeSystemDescription>
                        
            <imports>
                                
                <import name="de.julielab.jcore.types.jcore-basic-types"/>
                                
                <import name="de.julielab.jcore.types.jcore-document-meta-types"/>
                            
            </imports>
                    
        </typeSystemDescription>
                
        <typePriorities/>
                
        <fsIndexCollection/>
                
        <capabilities>
                        
            <capability>
                                
                <inputs/>
                                
                <outputs/>
                                
                <languagesSupported/>
                            
            </capability>
                    
        </capabilities>
                
        <operationalProperties>
                        
            <modifiesCas>false</modifiesCas>
                        
            <multipleDeploymentAllowed>true</multipleDeploymentAllowed>
                        
            <outputsNewCASes>false</outputsNewCASes>
                    
        </operationalProperties>
            
    </analysisEngineMetaData>
        
    <resourceManagerConfiguration/>
    
</analysisEngineDescription>
