<?xml version="1.0" encoding="UTF-8"?>
<analysisEngineDescription xmlns="http://uima.apache.org/resourceSpecifier">
        
    <frameworkImplementation>org.apache.uima.java</frameworkImplementation>
        
    <primitive>false</primitive>
        
    <delegateAnalysisEngineSpecifiers>
                
        <delegateAnalysisEngine key="JCoRe Entity Evaluator and TSV Consumer">
                        
            <import location="JCoRe Entity Evaluator and TSV Consumer.xml"/>
                    
        </delegateAnalysisEngine>
                
        <delegateAnalysisEngine key="XMIWriter">
                        
            <import location="XMIWriter.xml"/>
                    
        </delegateAnalysisEngine>
            
    </delegateAnalysisEngineSpecifiers>
        
    <analysisEngineMetaData>
                
        <name>AggregateConsumer</name>
                
        <configurationParameters/>
                
        <configurationParameterSettings/>
                
        <flowConstraints>
                        
            <fixedFlow>
                                
                <node>JCoRe Entity Evaluator and TSV Consumer</node>
                                
                <node>XMIWriter</node>
                            
            </fixedFlow>
                    
        </flowConstraints>
                
        <capabilities/>
                
        <operationalProperties>
                        
            <modifiesCas>true</modifiesCas>
                        
            <multipleDeploymentAllowed>true</multipleDeploymentAllowed>
                        
            <outputsNewCASes>false</outputsNewCASes>
                    
        </operationalProperties>
            
    </analysisEngineMetaData>
    
</analysisEngineDescription>
