[{"uri":null,"location":"de.julielab.jcore.ae.lingpipegazetteer.desc.jcore-lingpipe-gazetteer-ae-configurable-resource","category":"ae","uimaDescPath":null,"metaDescription":{"description":"Basically used as NE tagger based on Lingpipe's dictionary-lookup tagger.","group":"general","module":{"type":"GitHubRepository","name":"jcore-base","version":"v2.5","updateable":true,"type":"GitHubRepository","gitHubName":"JULIELab"},"base":null,"exposable":true,"categories":["ae"],"name":"JCoRe Lingpipe Gazetteer AE","pear":false,"base-project":null,"maven-artifact":{"groupId":"de.julielab","artifactId":"jcore-lingpipe-gazetteer-ae","version":"2.5.0-SNAPSHOT","classifier":null,"file":"/home/christina/.m2/repository/de/julielab/jcore-lingpipe-gazetteer-ae/2.5.0-SNAPSHOT/jcore-lingpipe-gazetteer-ae-2.5.0-20191211.084717-107.jar","packaging":"jar"}},"name":"GazetteerAnnotator, Template Descriptor with Configurable External Resource","active":true}]