{"uri":null,"location":"de.julielab.jcore.reader.file.desc.jcore-file-reader","category":"reader","uimaDescPath":"JCoRe File Reader.xml","metaDescription":{"description":"Reads simple text files; derived from UIMA example \"FileSystemCollectionReader\"","group":"general","module":{"type":"GitHubRepository","name":"jcore-base","version":"v2.5","updateable":true,"type":"GitHubRepository","gitHubName":"JULIELab"},"base":null,"exposable":true,"categories":["reader"],"name":"JCoRe File Reader","pear":false,"base-project":null,"maven-artifact":{"groupId":"de.julielab","artifactId":"jcore-file-reader","version":"2.5.0-SNAPSHOT","classifier":null,"file":"/home/christina/.m2/repository/de/julielab/jcore-file-reader/2.5.0-SNAPSHOT/jcore-file-reader-2.5.0-20191211.084546-112.jar","packaging":"jar"}},"name":"JCoRe File Reader","active":true}