<?xml version="1.0" encoding="UTF-8"?>
<analysisEngineDescription xmlns="http://uima.apache.org/resourceSpecifier">
        
    <frameworkImplementation>org.apache.uima.java</frameworkImplementation>
        
    <primitive>false</primitive>
        
    <delegateAnalysisEngineSpecifiers>
                
        <delegateAnalysisEngine key="JCoRe Pipeline AAE">
                        
            <import location="AggregateAnalysisEngine.xml"/>
                    
        </delegateAnalysisEngine>
                
        <delegateAnalysisEngine key="JCoRe Consumer AAE">
                        
            <import location="AggregateConsumer.xml"/>
                    
        </delegateAnalysisEngine>
            
    </delegateAnalysisEngineSpecifiers>
        
    <analysisEngineMetaData>
                
        <name/>
                
        <configurationParameters/>
                
        <configurationParameterSettings/>
                
        <flowConstraints>
                        
            <fixedFlow>
                                
                <node>JCoRe Pipeline AAE</node>
                                
                <node>JCoRe Consumer AAE</node>
                            
            </fixedFlow>
                    
        </flowConstraints>
                
        <capabilities/>
                
        <operationalProperties>
                        
            <modifiesCas>true</modifiesCas>
                        
            <multipleDeploymentAllowed>true</multipleDeploymentAllowed>
                        
            <outputsNewCASes>false</outputsNewCASes>
                    
        </operationalProperties>
            
    </analysisEngineMetaData>
    
</analysisEngineDescription>
